{"cameraMode":{"drawMode":0,"name":"Shaded","section":"Shading Mode"},"sceneLighting":true,"audioPlay":false,"sceneViewState":{"m_AlwaysRefresh":false,"showFog":true,"showSkybox":true,"showFlares":true,"showImageEffects":true,"showParticleSystems":true,"showVisualEffectGraphs":true,"m_FxEnabled":true},"in2DMode":false,"pivot":{"x":3.119999885559082,"y":0.7999999523162842,"z":6.119999885559082},"rotation":{"x":-0.20647893846035005,"y":-0.28798025846481326,"z":0.06372556835412979,"w":-0.9329267144203186},"size":15.054769515991211,"orthographic":false}