{"cameraMode":{"drawMode":0,"name":"Shaded","section":"Shading Mode"},"sceneLighting":true,"audioPlay":false,"sceneViewState":{"m_AlwaysRefresh":false,"showFog":true,"showSkybox":true,"showFlares":true,"showImageEffects":true,"showParticleSystems":true,"showVisualEffectGraphs":true,"m_FxEnabled":true},"in2DMode":false,"pivot":{"x":-0.9228671789169312,"y":1.0822813510894776,"z":2.993967294692993},"rotation":{"x":-0.16159534454345704,"y":0.0020682280883193018,"z":-0.00034489002428017557,"w":-0.9868460297584534},"size":1.5146386623382569,"orthographic":false}