{"cameraMode":{"drawMode":0,"name":"Shaded","section":"Shading Mode"},"sceneLighting":true,"audioPlay":false,"sceneViewState":{"m_AlwaysRefresh":false,"showFog":true,"showSkybox":true,"showFlares":true,"showImageEffects":true,"showParticleSystems":true,"showVisualEffectGraphs":true,"m_FxEnabled":true},"in2DMode":false,"pivot":{"x":-0.46928298473358157,"y":1.0586069822311402,"z":1.154420256614685},"rotation":{"x":-0.20377181470394135,"y":-0.2867695391178131,"z":0.06255993247032166,"w":-0.9339756965637207},"size":0.1566171944141388,"orthographic":false}