{"cameraMode":{"drawMode":0,"name":"Shaded","section":"Shading Mode"},"sceneLighting":true,"audioPlay":false,"sceneViewState":{"m_AlwaysRefresh":false,"showFog":true,"showSkybox":true,"showFlares":true,"showImageEffects":true,"showParticleSystems":true,"showVisualEffectGraphs":true,"m_FxEnabled":true},"in2DMode":false,"pivot":{"x":-0.41999995708465578,"y":1.600000023841858,"z":1.9099998474121094},"rotation":{"x":-0.19969631731510163,"y":0.17298781871795655,"z":-0.035850003361701968,"w":-0.9637924432754517},"size":0.4330126643180847,"orthographic":false}